player,draft_year,pro_height_inches,pro_weight_lb,date_of_birth
lebron-james,2003,81,250,1984-12-30
darko-milicic,2003,84,250,1985-06-20
carmelo-anthony,2003,79,238,1984-05-29
chris-bosh,2003,83,235,1984-03-24
dwyane-wade,2003,76,220,1982-01-17
chris-kaman,2003,84,265,1982-04-28
kirk-hinrich,2003,76,190,1981-01-02
t.j.-ford,2003,72,165,1983-03-24
mike-sweetney,2003,80,275,1982-10-25
jarvis-hayes,2003,79,220,1981-08-09
mickael-pietrus,2003,78,215,1982-02-07
nick-collison,2003,82,255,1980-10-26
marcus-banks,2003,74,200,1981-11-19
luke-ridnour,2003,74,175,1981-02-13
reece-gaines,2003,78,205,1981-01-07
troy-bell,2003,73,180,1980-11-10
zarko-cabarkapa,2003,83,235,1981-05-21
david-west,2003,81,250,1980-08-29
sasha-pavlovic,2003,80,220,1983-11-15
dahntay-jones,2003,78,225,1980-12-27
boris-diaw,2003,80,250,1982-04-16
zoran-planinic,2003,79,195,1982-09-12
travis-outlaw,2003,81,210,1984-09-18
brian-cook,2003,81,234,1980-12-04
carlos-delfino,2003,78,230,1982-08-29
ndudi-ebi,2003,81,200,1984-06-18
kendrick-perkins,2003,82,270,1984-11-10
leandro-barbosa,2003,75,194,1982-11-28
josh-howard,2003,79,210,1980-04-28
maciej-lampe,2003,83,275,1985-02-05
jason-kapono,2003,80,213,1981-02-04
luke-walton,2003,80,235,1980-03-28
jerome-beasley,2003,82,237,1980-05-17
sofoklis-schortsanitis,2003,82,345,1985-06-22
szymon-szewczyk,2003,82,242,1982-12-21
mario-austin,2003,81,264,1982-02-26
travis-hansen,2003,78,205,1978-04-15
steve-blake,2003,75,172,1980-02-26
slavko-vranes,2003,89,275,1983-01-30
derrick-zimmerman,2003,75,195,1981-12-02
willie-green,2003,76,200,1981-07-28
zaza-pachulia,2003,83,270,1984-02-10
keith-bogans,2003,77,215,1980-05-12
malick-badiane,2003,,,
matt-bonner,2003,82,235,1980-04-05
sani-becirovic,2003,77,210,1981-05-19
mo-williams,2003,73,198,1982-12-19
james-lang,2003,82,285,1983-10-17
james-jones,2003,80,218,1980-10-04
paccelis-morlende,2003,74,185,1981-04-19
kyle-korver,2003,79,212,1981-03-17
remon-van-de-hare,2003,,,
tommy-smith,2003,,,
nedzad-sinanovic,2003,88,250,1983-01-29
rick-rickert,2003,,,
brandon-hunter,2003,79,260,1980-11-24
xue-yuyang,2003,84,265,1982-11-04
andreas-glyniadakis,2003,85,280,1981-08-21
dwight-howard,2004,82,265,1985-12-08
emeka-okafor,2004,82,252,1982-09-28
ben-gordon,2004,75,200,1983-04-04
shaun-livingston,2004,79,192,1985-09-11
devin-harris,2004,75,185,1983-02-27
josh-childress,2004,80,210,1983-06-20
luol-deng,2004,81,237,1985-04-16
rafael-araujo,2004,83,280,1980-08-12
andre-iguodala,2004,78,215,1984-01-28
luke-jackson,2004,79,215,1981-11-06
andris-biedrins,2004,83,240,1986-04-02
robert-swift,2004,84,245,1985-12-03
sebastian-telfair,2004,72,165,1985-06-09
kris-humphries,2004,81,235,1985-02-06
al-jefferson,2004,82,289,1985-01-04
kirk-snyder,2004,78,225,1983-06-05
josh-smith,2004,81,225,1985-12-05
j.r.-smith,2004,78,225,1985-09-09
dorell-wright,2004,81,205,1985-12-02
jameer-nelson,2004,72,190,1982-02-09
pavel-podkolzin,2004,89,260,1985-01-15
viktor-khryapa,2004,81,210,1982-08-03
sergei-monia,2004,80,220,1983-04-15
delonte-west,2004,76,180,1983-07-26
tony-allen,2004,76,213,1982-01-11
kevin-martin,2004,79,199,1983-02-01
sasha-vujacic,2004,79,195,1984-03-08
beno-udrih,2004,75,205,1982-07-05
david-harrison,2004,84,280,1982-08-15
anderson-varejao,2004,82,273,1982-09-28
jackson-vroman,2004,82,220,1981-06-06
peter-john-ramos,2004,87,275,1985-05-13
lionel-chalmers,2004,72,180,1980-11-10
donta-smith,2004,79,215,1983-11-27
andre-emmett,2004,77,230,1982-08-27
antonio-burks,2004,73,200,1980-02-25
royal-ivey,2004,75,200,1981-12-20
chris-duhon,2004,73,185,1982-08-31
albert-miralles,2004,82,243,1982-05-14
justin-reed,2004,80,240,1982-01-16
david-young,2004,,,
viktor-sanikidze,2004,80,220,1986-04-01
trevor-ariza,2004,80,215,1985-06-30
tim-pickett,2004,,,
bernard-robinson,2004,78,210,1980-12-26
ha-seung-jin,2004,87,305,1985-08-04
pape-sow,2004,82,250,1981-11-22
ricky-minard,2004,,,
sergei-lishouk,2004,83,250,1982-03-31
vassilis-spanoulis,2004,76,195,1982-08-07
christian-drejer,2004,,,
romain-sato,2004,,,
matt-freije,2004,82,240,1981-10-02
rickey-paulding,2004,,,
luis-flores,2004,74,200,1981-04-11
marcus-douthit,2004,,,
sergei-karaulov,2004,85,249,1982-04-15
blake-stepp,2004,,,
rashad-wright,2004,,,
andrew-bogut,2005,84,260,1984-11-28
marvin-williams,2005,80,237,1986-06-19
deron-williams,2005,75,200,1984-06-26
chris-paul,2005,72,175,1985-05-06
raymond-felton,2005,73,205,1984-06-26
martell-webster,2005,79,230,1986-12-04
charlie-villanueva,2005,83,232,1984-08-24
channing-frye,2005,84,255,1983-05-17
ike-diogu,2005,80,250,1983-09-11
andrew-bynum,2005,84,285,1987-10-27
fran-vazquez,2005,82,240,1983-05-01
yaroslav-korolev,2005,81,203,1987-05-07
sean-may,2005,81,266,1984-04-04
rashad-mccants,2005,76,207,1984-09-25
antoine-wright,2005,79,210,1984-02-06
joey-graham,2005,79,225,1982-06-11
danny-granger,2005,81,222,1983-04-20
gerald-green,2005,78,205,1986-01-26
hakim-warrick,2005,81,219,1982-07-08
julius-hodge,2005,79,210,1983-11-18
nate-robinson,2005,69,180,1984-05-31
jarrett-jack,2005,75,200,1983-10-28
francisco-garcia,2005,79,195,1981-12-31
luther-head,2005,75,185,1982-11-26
johan-petro,2005,84,247,1986-01-27
jason-maxiell,2005,79,260,1983-02-18
linas-kleiza,2005,80,245,1985-01-03
ian-mahinmi,2005,83,262,1986-11-05
wayne-simien,2005,81,255,1983-03-09
david-lee,2005,81,245,1983-04-29
salim-stoudamire,2005,73,179,1982-10-11
daniel-ewing,2005,75,185,1983-03-26
brandon-bass,2005,80,250,1985-04-30
c.j.-miles,2005,78,220,1987-03-18
ricky-sanchez,2005,83,230,1987-07-06
ersan-ilyasova,2005,81,235,1987-05-15
ronny-turiaf,2005,82,249,1983-01-13
travis-diener,2005,73,175,1982-03-01
von-wafer,2005,77,210,1985-07-21
monta-ellis,2005,75,185,1985-10-26
roko-ukic,2005,77,183,1984-05-12
chris-taft,2005,82,260,1985-03-10
mile-ilic,2005,85,230,1984-06-02
martynas-andriuskevicius,2005,86,240,1986-03-12
lou-williams,2005,73,175,1986-10-27
erazem-lorbek,2005,82,250,1984-02-21
bracey-wright,2005,75,210,1984-07-01
mickael-gelabale,2005,79,215,1983-05-22
andray-blatche,2005,83,235,1986-08-22
ryan-gomes,2005,79,250,1982-09-01
robert-whaley,2005,82,260,1982-04-16
axel-hervelle,2005,81,223,1983-12-05
orien-greene,2005,76,208,1982-02-04
dijon-thompson,2005,79,195,1983-02-23
lawrence-roberts,2005,81,240,1982-10-20
amir-johnson,2005,81,240,1987-05-01
marcin-gortat,2005,83,240,1984-02-17
uros-slokar,2005,82,238,1983-05-14
cenk-akyol,2005,78,195,1987-04-16
alex-acker,2005,77,185,1983-01-21
andrea-bargnani,2006,84,245,1985-10-26
lamarcus-aldridge,2006,83,250,1985-07-19
adam-morrison,2006,80,205,1984-07-19
tyrus-thomas,2006,81,215,1986-08-17
shelden-williams,2006,81,250,1983-10-21
brandon-roy,2006,78,215,1984-07-23
randy-foye,2006,76,213,1983-09-24
rudy-gay,2006,80,250,1986-08-17
patrick-o'bryant,2006,84,260,1986-06-20
mouhamed-sene,2006,83,230,1986-05-12
j.j.-redick,2006,75,200,1984-06-24
hilton-armstrong,2006,83,235,1984-11-11
thabo-sefolosha,2006,78,215,1984-05-02
ronnie-brewer,2006,79,220,1985-03-20
cedric-simmons,2006,81,235,1986-01-03
rodney-carney,2006,79,205,1984-04-15
shawne-williams,2006,81,225,1986-02-16
oleksiy-pecherov,2006,84,232,1985-12-08
quincy-douby,2006,75,175,1984-05-16
renaldo-balkman,2006,80,208,1984-07-14
rajon-rondo,2006,73,180,1986-02-22
marcus-williams,2006,75,205,1985-12-03
josh-boone,2006,82,237,1984-11-21
kyle-lowry,2006,72,196,1986-03-25
shannon-brown,2006,76,205,1985-11-29
jordan-farmar,2006,74,180,1986-11-30
sergio-rodriguez,2006,75,176,1986-06-12
maurice-ager,2006,77,202,1984-02-09
mardy-collins,2006,78,220,1984-08-04
joel-freeland,2006,82,250,1987-02-07
james-white,2006,79,200,1982-10-21
steve-novak,2006,82,225,1983-06-13
solomon-jones,2006,82,230,1984-07-16
paul-davis,2006,83,270,1984-07-21
p.j.-tucker,2006,77,245,1985-05-05
craig-smith,2006,79,250,1983-11-10
bobby-jones,2006,79,215,1984-01-09
kosta-perovic,2006,86,240,1985-02-19
david-noel,2006,78,230,1984-02-27
denham-brown,2006,,,
james-augustine,2006,82,235,1984-02-27
daniel-gibson,2006,74,190,1986-02-27
marcus-vinicius,2006,80,225,1984-05-31
lior-eliyahu,2006,81,225,1985-09-09
alexander-johnson,2006,81,240,1983-02-08
dee-brown,2006,72,185,1984-08-17
paul-millsap,2006,79,257,1985-02-10
vladimir-veremeenko,2006,82,235,1984-07-21
leon-powe,2006,80,240,1984-01-22
ryan-hollins,2006,84,240,1984-10-10
cheikh-samb,2006,85,245,1984-10-22
guillermo-diaz,2006,74,192,1985-03-04
yotam-halperin,2006,77,210,1984-01-24
hassan-adams,2006,76,220,1984-06-20
ejike-ugboaja,2006,81,225,1985-05-28
edin-bavcic,2006,82,242,1984-06-05
loukas-mavrokefalidis,2006,,,
j.r.-pinnock,2006,,,
damir-markota,2006,82,225,1985-12-26
will-blalock,2006,72,205,1983-09-08
greg-oden,2007,84,250,1988-01-22
kevin-durant,2007,82,240,1988-09-29
al-horford,2007,81,240,1986-06-03
mike-conley,2007,73,175,1987-10-11
jeff-green,2007,80,235,1986-08-28
yi-jianlian,2007,84,240,1987-10-27
corey-brewer,2007,81,186,1986-03-05
brandan-wright,2007,82,210,1987-10-05
joakim-noah,2007,83,230,1985-02-25
spencer-hawes,2007,85,245,1988-04-28
acie-law,2007,75,195,1985-01-25
thaddeus-young,2007,80,235,1988-06-21
julian-wright,2007,80,225,1987-05-20
al-thornton,2007,80,220,1983-12-07
rodney-stuckey,2007,77,210,1986-04-21
nick-young,2007,79,210,1985-06-01
sean-williams,2007,82,235,1986-09-13
marco-belinelli,2007,77,220,1986-03-25
javaris-crittenton,2007,77,200,1987-12-31
jason-smith,2007,84,240,1986-03-02
daequan-cook,2007,77,205,1987-04-28
jared-dudley,2007,78,237,1985-07-10
wilson-chandler,2007,80,235,1987-05-10
rudy-fernandez,2007,78,185,1985-04-04
morris-almond,2007,78,225,1985-02-02
aaron-brooks,2007,72,161,1985-01-14
arron-afflalo,2007,77,210,1985-10-15
tiago-splitter,2007,83,245,1985-01-01
alando-tucker,2007,78,205,1984-02-11
petteri-koponen,2007,76,195,1988-04-13
carl-landry,2007,81,248,1983-09-19
gabe-pruitt,2007,76,170,1986-04-19
marcus-williams,2007,79,205,1986-11-18
nick-fazekas,2007,83,235,1985-06-17
glen-davis,2007,81,289,1986-01-01
jermareo-davidson,2007,82,230,1984-11-15
josh-mcroberts,2007,82,240,1987-02-28
kyrylo-fesenko,2007,85,288,1986-12-24
stanko-barac,2007,85,240,1986-08-14
sun-yue,2007,81,205,1985-11-06
chris-richard,2007,81,270,1984-12-25
derrick-byars,2007,79,220,1984-04-25
adam-haluska,2007,,,
reyshawn-terry,2007,,,
jared-jordan,2007,,,
stephane-lasme,2007,80,215,1982-12-17
dominic-mcguire,2007,81,220,1985-10-20
marc-gasol,2007,83,255,1985-01-29
aaron-gray,2007,84,270,1984-12-07
renaldas-seibutis,2007,78,185,1985-07-23
jameson-curry,2007,75,190,1986-01-07
taurean-green,2007,72,177,1986-11-28
demetris-nichols,2007,80,216,1984-09-04
brad-newley,2007,78,205,1985-02-18
herbert-hill,2007,,,
ramon-sessions,2007,75,190,1986-04-11
sammy-mejia,2007,,,
georgios-printezis,2007,81,240,1985-02-22
d.j.-strawberry,2007,77,201,1985-06-15
milovan-rakovic,2007,82,280,1985-02-19
derrick-rose,2008,74,200,1988-10-04
michael-beasley,2008,81,235,1989-01-09
o.j.-mayo,2008,77,210,1987-11-05
russell-westbrook,2008,75,200,1988-11-12
kevin-love,2008,80,251,1988-09-07
danilo-gallinari,2008,82,233,1988-08-08
eric-gordon,2008,75,215,1988-12-25
joe-alexander,2008,80,230,1986-12-26
d.j.-augustin,2008,71,183,1987-11-10
brook-lopez,2008,84,282,1988-04-01
jerryd-bayless,2008,75,200,1988-08-20
jason-thompson,2008,83,250,1986-07-21
brandon-rush,2008,78,220,1985-07-07
anthony-randolph,2008,82,205,1989-07-15
robin-lopez,2008,84,281,1988-04-01
marreese-speights,2008,82,255,1987-08-04
roy-hibbert,2008,86,270,1986-12-11
javale-mcgee,2008,84,270,1988-01-19
j.j.-hickson,2008,81,242,1988-09-04
alexis-ajinca,2008,86,248,1988-05-06
ryan-anderson,2008,81,240,1988-05-06
courtney-lee,2008,77,215,1985-10-03
kosta-koufos,2008,84,245,1989-02-24
serge-ibaka,2008,82,235,1989-09-18
nicolas-batum,2008,80,230,1988-12-14
george-hill,2008,76,188,1986-05-04
darrell-arthur,2008,81,235,1988-03-25
donte-greene,2008,83,226,1988-02-21
d.j.-white,2008,81,251,1986-08-31
j.r.-giddens,2008,77,215,1985-02-13
nikola-pekovic,2008,83,307,1986-01-03
walter-sharpe,2008,81,245,1986-07-18
joey-dorsey,2008,80,268,1983-12-16
mario-chalmers,2008,74,190,1986-05-19
deandre-jordan,2008,83,265,1988-07-21
omer-ask,2008,84,255,1986-07-04
luc-mbah-a-moute,2008,80,230,1986-09-09
kyle-weaver,2008,78,201,1986-02-18
sonny-weems,2008,78,205,1986-07-08
chris-douglas-roberts,2008,79,200,1987-01-08
nathan-jawai,2008,82,280,1986-10-10
sean-singletary,2008,72,185,1985-09-06
patrick-ewing,2008,80,235,1984-05-20
ante-tomic,2008,86,265,1987-02-17
goran-dragic,2008,75,190,1986-05-06
trent-plaisted,2008,,,
henry-walker,2008,78,220,1987-10-09
malik-hairston,2008,78,220,1987-02-23
richard-hendrix,2008,,,
devon-hardin,2008,83,250,1986-08-07
shan-foster,2008,,,
darnell-jackson,2008,81,253,1985-11-07
tadija-dragicevic,2008,81,222,1986-01-28
maarty-leunen,2008,81,220,1985-09-03
mike-taylor,2008,74,165,1986-01-21
sasha-kaun,2008,83,260,1985-05-08
james-gist,2008,,,
joe-crawford,2008,77,210,1986-06-17
deron-washington,2008,,,
semih-erden,2008,84,240,1986-07-28
blake-griffin,2009,81,250,1989-03-16
hasheem-thabeet,2009,87,263,1987-02-16
james-harden,2009,77,220,1989-08-26
tyreke-evans,2009,78,220,1989-09-19
ricky-rubio,2009,75,190,1990-10-21
jonny-flynn,2009,72,185,1989-02-06
stephen-curry,2009,75,185,1988-03-14
jordan-hill,2009,82,235,1987-07-27
demar-derozan,2009,78,220,1989-08-07
brandon-jennings,2009,73,170,1989-09-23
terrence-williams,2009,78,220,1987-06-28
gerald-henderson,2009,77,215,1987-12-09
tyler-hansbrough,2009,81,250,1985-11-03
earl-clark,2009,82,225,1988-01-17
austin-daye,2009,83,220,1988-06-05
james-johnson,2009,79,240,1987-02-20
jrue-holiday,2009,75,205,1990-06-12
ty-lawson,2009,71,195,1987-11-03
jeff-teague,2009,75,195,1988-06-10
eric-maynor,2009,75,175,1987-06-11
darren-collison,2009,72,175,1987-08-23
victor-claver,2009,81,224,1988-08-30
omri-casspi,2009,81,225,1988-06-22
byron-mullens,2009,84,275,1989-02-14
rodrigue-beaubois,2009,72,170,1988-02-24
taj-gibson,2009,81,232,1985-06-24
demarre-carroll,2009,78,215,1986-07-27
wayne-ellington,2009,76,207,1987-11-29
toney-douglas,2009,74,195,1986-03-16
christian-eyenga,2009,77,210,1989-06-22
jeff-ayres,2009,81,240,1987-04-29
jermaine-taylor,2009,76,210,1986-12-08
dante-cunningham,2009,80,230,1987-04-22
sergio-llull,2009,75,190,1987-11-15
dajuan-summers,2009,80,230,1988-01-24
sam-young,2009,78,220,1985-06-01
dejuan-blair,2009,79,270,1989-04-22
jon-brockman,2009,79,255,1987-03-20
jonas-jerebko,2009,82,231,1987-03-02
derrick-brown,2009,79,225,1987-09-08
jodie-meeks,2009,76,210,1987-08-21
patrick-beverley,2009,73,180,1988-07-12
marcus-thornton,2009,76,205,1987-06-05
chase-budinger,2009,79,209,1988-05-22
nick-calathes,2009,78,213,1989-02-07
danny-green,2009,78,215,1987-06-22
henk-norel,2009,83,230,1987-09-17
taylor-griffin,2009,79,238,1986-04-18
sergiy-gladyr,2009,77,190,1989-10-17
goran-suton,2009,,,
jack-mcclinton,2009,,,
a.j.-price,2009,74,181,1986-10-07
nando-de-colo,2009,77,200,1987-06-23
robert-vaden,2009,,,
patty-mills,2009,73,180,1988-08-11
ahmad-nivins,2009,,,
emir-preldzic,2009,81,220,1987-09-06
lester-hudson,2009,75,190,1984-08-07
chinemelu-elonu,2009,82,235,1987-03-11
robert-dozier,2009,,,
john-wall,2010,75,210,1990-09-06
evan-turner,2010,78,220,1988-10-27
derrick-favors,2010,80,265,1991-07-15
wesley-johnson,2010,79,215,1987-07-11
demarcus-cousins,2010,82,270,1990-08-13
ekpe-udoh,2010,82,245,1987-05-20
greg-monroe,2010,83,265,1990-06-04
al-farouq-aminu,2010,80,220,1990-09-21
gordon-hayward,2010,79,225,1990-03-23
paul-george,2010,80,220,1990-05-02
cole-aldrich,2010,83,250,1988-10-31
xavier-henry,2010,78,220,1991-03-15
ed-davis,2010,81,218,1989-06-05
patrick-patterson,2010,80,235,1989-03-14
larry-sanders,2010,83,235,1988-11-21
luke-babbitt,2010,81,225,1989-06-20
kevin-seraphin,2010,81,285,1989-12-07
eric-bledsoe,2010,73,214,1989-12-09
avery-bradley,2010,75,180,1990-11-26
james-anderson,2010,78,213,1989-03-25
craig-brackins,2010,82,230,1987-10-09
elliot-williams,2010,77,190,1989-06-20
trevor-booker,2010,80,228,1987-11-25
damion-james,2010,79,225,1987-10-07
dominique-jones,2010,76,215,1988-10-15
quincy-pondexter,2010,79,230,1988-03-10
jordan-crawford,2010,76,195,1988-10-23
greivis-vasquez,2010,78,217,1987-01-16
daniel-orton,2010,82,255,1990-08-06
lazar-hayward,2010,78,225,1986-11-26
tibor-plei,2010,87,256,1989-11-02
dexter-pittman,2010,83,308,1988-03-02
hassan-whiteside,2010,84,265,1989-06-13
armon-johnson,2010,75,195,1989-02-23
nemanja-bjelica,2010,82,234,1988-05-09
terrico-white,2010,,,
darington-hobson,2010,79,210,1987-09-29
andy-rautins,2010,76,190,1986-11-02
landry-fields,2010,79,210,1988-06-27
lance-stephenson,2010,78,230,1990-09-05
jarvis-varnado,2010,81,230,1988-03-01
da'sean-butler,2010,,,
devin-ebanks,2010,81,215,1989-10-28
jerome-jordan,2010,84,253,1986-09-29
paulao-prestes,2010,83,260,1988-02-15
gani-lawal,2010,81,234,1988-11-07
tiny-gallon,2010,,,
latavious-williams,2010,80,195,1989-03-29
ryan-richards,2010,83,265,1991-04-24
solomon-alabi,2010,85,251,1988-03-21
magnum-rolle,2010,,,
luke-harangody,2010,80,246,1988-01-02
pape-sy,2010,79,225,1988-04-05
willie-warren,2010,76,203,1989-10-22
jeremy-evans,2010,81,200,1987-10-24
hamady-n'diaye,2010,84,235,1987-01-12
ryan-reid,2010,80,232,1986-10-30
derrick-caracter,2010,81,275,1988-05-04
stanley-robinson,2010,,,
dwayne-collins,2010,81,240,1988-04-13
kyrie-irving,2011,74,195,1992-03-23
derrick-williams,2011,80,240,1991-05-25
enes-kanter,2011,82,250,1992-05-20
tristan-thompson,2011,81,254,1991-03-13
jonas-valanciunas,2011,83,265,1992-05-06
jan-vesely,2011,83,240,1990-04-24
bismack-biyombo,2011,80,255,1992-08-28
brandon-knight,2011,74,182,1991-12-02
kemba-walker,2011,72,184,1990-05-08
jimmer-fredette,2011,74,195,1989-02-25
klay-thompson,2011,78,215,1990-02-08
alec-burks,2011,78,214,1991-07-20
markieff-morris,2011,81,245,1989-09-02
marcus-morris,2011,80,218,1989-09-02
kawhi-leonard,2011,79,225,1991-06-29
nikola-vucevic,2011,83,260,1990-10-24
iman-shumpert,2011,77,215,1990-06-26
chris-singleton,2011,80,230,1989-11-21
tobias-harris,2011,80,226,1992-07-15
donatas-motiejunas,2011,84,222,1990-09-20
nolan-smith,2011,74,185,1988-07-25
kenneth-faried,2011,80,220,1989-11-19
nikola-mirotic,2011,82,250,1991-02-11
reggie-jackson,2011,74,208,1990-04-16
marshon-brooks,2011,77,200,1989-01-26
jordan-hamilton,2011,79,220,1990-10-06
jajuan-johnson,2011,82,221,1989-02-08
norris-cole,2011,74,175,1988-10-13
cory-joseph,2011,75,200,1991-08-20
jimmy-butler,2011,79,230,1989-09-14
bojan-bogdanovic,2011,80,226,1989-04-18
justin-harper,2011,82,225,1989-08-30
kyle-singler,2011,80,228,1988-05-04
shelvin-mack,2011,75,203,1990-04-22
tyler-honeycutt,2011,80,188,1990-07-15
jordan-williams,2011,82,260,1990-10-11
trey-thompkins,2011,82,245,1990-05-20
chandler-parsons,2011,81,230,1988-10-25
jeremy-tyler,2011,82,260,1991-06-21
jon-leuer,2011,82,228,1989-05-14
darius-morris,2011,76,190,1991-01-03
davis-bertans,2011,82,225,1992-11-12
malcolm-lee,2011,77,200,1990-05-22
charles-jenkins,2011,75,220,1989-02-28
josh-harrellson,2011,82,275,1989-02-12
andrew-goudelock,2011,75,200,1988-12-07
travis-leslie,2011,76,205,1990-03-29
keith-benson,2011,83,240,1988-08-13
josh-selby,2011,74,183,1991-03-27
lavoy-allen,2011,81,260,1989-02-04
jon-diebler,2011,78,205,1988-06-22
vernon-macklin,2011,82,227,1986-09-20
deandre-liggins,2011,78,209,1988-03-31
milan-macvan,2011,81,265,1989-11-16
e'twaun-moore,2011,75,191,1989-02-25
chukwudiebere-maduabum,2011,81,210,1991-03-19
targuy-ngombo,2011,,,
ater-majok,2011,82,233,1987-07-04
adam-hanga,2011,79,205,1989-04-12
isaiah-thomas,2011,69,185,1989-02-07
anthony-davis,2012,82,253,1993-03-11
michael-kidd-gilchrist,2012,78,232,1993-09-26
bradley-beal,2012,75,207,1993-06-28
dion-waiters,2012,75,215,1991-12-10
thomas-robinson,2012,82,237,1991-03-17
damian-lillard,2012,74,195,1990-07-15
harrison-barnes,2012,80,225,1992-05-30
terrence-ross,2012,78,206,1991-02-05
andre-drummond,2012,82,279,1993-08-10
austin-rivers,2012,76,200,1992-08-01
meyers-leonard,2012,84,260,1992-02-27
jeremy-lamb,2012,77,180,1992-05-30
kendall-marshall,2012,76,200,1991-08-19
john-henson,2012,81,219,1990-12-28
maurice-harkless,2012,79,220,1993-05-11
royce-white,2012,80,270,1991-04-10
tyler-zeller,2012,84,253,1990-01-17
terrence-jones,2012,81,252,1992-01-09
andrew-nicholson,2012,81,250,1989-12-08
evan-fournier,2012,79,205,1992-10-29
jared-sullinger,2012,81,260,1992-03-04
fab-melo,2012,84,255,1990-06-20
john-jenkins,2012,76,215,1991-03-06
jared-cunningham,2012,76,195,1991-05-22
tony-wroten,2012,78,205,1993-04-13
miles-plumlee,2012,83,249,1988-09-01
arnett-moultrie,2012,83,249,1990-11-18
perry-jones,2012,83,235,1991-09-24
marquis-teague,2012,74,189,1993-02-28
festus-ezeli,2012,83,255,1989-10-21
jeff-taylor,2012,79,225,1989-05-23
tomas-satoransky,2012,79,210,1991-10-30
bernard-james,2012,82,240,1985-02-07
jae-crowder,2012,78,235,1990-07-06
draymond-green,2012,78,230,1990-03-04
orlando-johnson,2012,77,220,1989-03-11
quincy-acy,2012,79,240,1990-10-06
quincy-miller,2012,81,210,1992-11-18
khris-middleton,2012,79,222,1991-08-12
will-barton,2012,78,181,1991-01-06
tyshawn-taylor,2012,75,185,1990-04-12
doron-lamb,2012,76,210,1991-11-06
mike-scott,2012,79,237,1988-07-16
kim-english,2012,78,200,1988-09-24
justin-hamilton,2012,84,260,1990-04-01
darius-miller,2012,78,225,1990-03-21
kevin-murphy,2012,77,185,1990-03-06
kostas-papanikolaou,2012,80,225,1990-07-31
kyle-o'quinn,2012,81,250,1990-03-26
izzet-turkylmaz,2012,84,210,1990-05-20
kris-joseph,2012,79,210,1988-12-17
ognjen-kuzmic,2012,85,251,1990-05-16
furkan-aldemir,2012,82,240,1991-08-09
tornike-shengelia,2012,81,217,1991-10-05
darius-johnson-odom,2012,74,215,1989-09-28
tomislav-zubcic,2012,83,212,1990-01-07
ilkan-karaman,2012,81,254,1990-05-13
robbie-hummel,2012,80,215,1989-03-08
marcus-denmon,2012,75,185,1990-03-20
robert-sacre,2012,84,270,1989-06-06
anthony-bennett,2013,80,245,1993-03-14
victor-oladipo,2013,76,213,1992-05-04
otto-porter,2013,80,198,1993-06-03
cody-zeller,2013,83,240,1992-10-05
alex-len,2013,84,250,1993-06-16
nerlens-noel,2013,83,220,1994-04-10
ben-mclemore,2013,75,195,1993-02-11
kentavious-caldwell-pope,2013,77,204,1993-02-18
trey-burke,2013,72,185,1992-11-12
cj-mccollum,2013,75,190,1991-09-19
michael-carter-williams,2013,77,190,1991-10-10
steven-adams,2013,83,265,1993-07-20
kelly-olynyk,2013,83,240,1991-04-19
shabazz-muhammad,2013,78,223,1992-11-13
giannis-antetokounmpo,2013,83,242,1994-12-06
lucas-nogueira,2013,84,241,1992-07-26
dennis-schroder,2013,75,172,1993-09-15
shane-larkin,2013,71,175,1992-10-02
sergey-karasev,2013,79,208,1993-10-26
tony-snell,2013,78,213,1991-11-10
gorgui-dieng,2013,82,252,1990-01-18
mason-plumlee,2013,83,254,1990-03-05
solomon-hill,2013,78,226,1991-03-18
tim-hardaway-jr.,2013,77,205,1992-03-16
reggie-bullock,2013,78,205,1991-03-16
andre-roberson,2013,79,210,1991-12-04
rudy-gobert,2013,84,258,1992-06-26
livio-jean-charles,2013,81,230,1993-11-08
archie-goodwin,2013,77,200,1994-08-17
nemanja-nedovic,2013,75,192,1991-06-16
allen-crabbe,2013,77,212,1992-04-09
alex-abrines,2013,78,200,1993-08-01
carrick-felix,2013,78,201,1990-08-17
isaiah-canaan,2013,72,201,1991-05-21
glen-rice-jr.,2013,78,206,1991-01-01
ray-mccallum,2013,75,190,1991-06-12
tony-mitchell,2013,80,235,1992-04-07
nate-wolters,2013,76,190,1991-05-15
jeff-withey,2013,84,231,1990-03-07
grant-jerrett,2013,82,235,1993-07-08
jamaal-franklin,2013,77,191,1991-07-21
pierre-jackson,2013,70,180,1991-08-29
ricky-ledo,2013,79,195,1992-09-10
mike-muscala,2013,82,240,1991-07-01
marko-todorovic,2013,82,243,1992-04-19
erick-green,2013,76,185,1991-05-09
raul-neto,2013,73,180,1992-05-19
ryan-kelly,2013,83,230,1991-04-09
erik-murphy,2013,82,230,1990-10-26
james-ennis,2013,78,215,1990-07-01
romero-osby,2013,80,240,1990-05-07
lorenzo-brown,2013,77,189,1990-08-26
colton-iverson,2013,84,255,1989-06-29
arsalan-kazemi,2013,79,226,1990-04-22
joffrey-lauvergne,2013,83,220,1991-09-30
peyton-siva,2013,72,185,1990-10-24
alex-oriakhi,2013,81,255,1990-06-21
deshaun-thomas,2013,79,215,1991-08-29
bojan-dubljevic,2013,81,235,1991-10-24
janis-timma,2013,79,224,1992-07-02
andrew-wiggins,2014,79,197,1995-02-23
jabari-parker,2014,80,245,1995-03-15
joel-embiid,2014,84,280,1994-03-16
aaron-gordon,2014,80,235,1995-09-16
dante-exum,2014,77,214,1995-07-13
marcus-smart,2014,75,220,1994-03-06
julius-randle,2014,80,250,1994-11-29
nik-stauskas,2014,78,205,1993-10-07
noah-vonleh,2014,82,257,1995-08-24
elfrid-payton,2014,75,195,1994-02-22
doug-mcdermott,2014,79,225,1992-01-03
dario-saric,2014,82,225,1994-04-08
zach-lavine,2014,77,200,1995-03-10
t.j.-warren,2014,80,220,1993-09-05
adreian-payne,2014,82,237,1991-02-19
jusuf-nurkic,2014,83,290,1994-08-23
james-young,2014,78,215,1995-08-16
tyler-ennis,2014,75,194,1994-08-24
gary-harris,2014,76,210,1994-09-14
bruno-caboclo,2014,81,218,1995-09-21
mitch-mcgary,2014,82,255,1992-06-06
jordan-adams,2014,77,209,1994-07-08
rodney-hood,2014,80,208,1992-10-20
shabazz-napier,2014,72,175,1991-07-14
clint-capela,2014,82,240,1994-05-18
p.j.-hairston,2014,78,230,1992-12-24
bogdan-bogdanovic,2014,78,220,1992-08-18
c.j.-wilcox,2014,77,195,1990-12-30
josh-huestis,2014,79,230,1991-12-19
kyle-anderson,2014,81,230,1993-09-20
damien-inglis,2014,80,246,1995-05-20
k.j.-mcdaniels,2014,78,205,1993-02-09
joe-harris,2014,78,220,1991-09-06
cleanthony-early,2014,80,210,1991-04-17
jarnell-stokes,2014,81,263,1994-01-07
johnny-o'bryant,2014,81,257,1993-06-01
deandre-daniels,2014,81,195,1992-04-15
spencer-dinwiddie,2014,77,215,1993-04-06
jerami-grant,2014,80,210,1994-03-12
glenn-robinson-iii,2014,78,222,1994-01-08
nikola-jokic,2014,83,284,1995-02-19
nick-johnson,2014,75,202,1992-12-22
edy-tavares,2014,87,260,1992-03-22
markel-brown,2014,75,190,1992-01-29
dwight-powell,2014,82,240,1991-07-20
jordan-clarkson,2014,76,194,1992-06-07
russ-smith,2014,72,165,1991-04-19
lamar-patterson,2014,77,225,1991-08-12
cameron-bairstow,2014,81,250,1990-12-07
alec-brown,2014,85,235,1992-07-23
thanasis-antetokounmpo,2014,78,219,1992-07-18
vasilije-micic,2014,77,200,1994-01-13
alessandro-gentile,2014,79,230,1992-11-12
nemanja-dangubic,2014,80,193,1993-04-13
semaj-christon,2014,75,190,1992-11-01
devyn-marble,2014,78,200,1992-09-21
louis-labeyrie,2014,82,200,1992-02-11
jordan-mcrae,2014,77,179,1991-03-28
xavier-thames,2014,75,195,1991-01-19
cory-jefferson,2014,81,218,1990-12-26
karl-anthony-towns,2015,83,248,1995-11-15
d'angelo-russell,2015,76,193,1996-02-23
jahlil-okafor,2015,82,270,1995-12-15
kristaps-porzingis,2015,87,240,1995-08-02
mario-hezonja,2015,80,220,1995-02-25
willie-cauley-stein,2015,84,240,1993-08-18
emmanuel-mudiay,2015,75,200,1996-03-05
stanley-johnson,2015,78,242,1996-05-29
frank-kaminsky,2015,84,240,1993-04-04
justise-winslow,2015,78,222,1996-03-26
myles-turner,2015,83,250,1996-03-24
trey-lyles,2015,81,234,1995-11-05
devin-booker,2015,77,206,1996-10-30
cameron-payne,2015,73,183,1994-08-08
kelly-oubre-jr.,2015,79,203,1995-12-09
terry-rozier,2015,73,190,1994-03-17
rashad-vaughn,2015,78,202,1996-08-16
sam-dekker,2015,81,230,1994-05-06
jerian-grant,2015,76,205,1992-10-09
delon-wright,2015,77,185,1992-04-26
justin-anderson,2015,78,230,1993-11-19
bobby-portis,2015,82,250,1995-02-10
rondae-hollis-jefferson,2015,78,217,1995-01-03
tyus-jones,2015,72,196,1996-05-10
jarell-martin,2015,82,239,1994-05-24
nikola-milutinov,2015,83,235,1994-12-30
larry-nance-jr.,2015,79,245,1993-01-01
r.j.-hunter,2015,77,185,1993-10-24
chris-mccullough,2015,83,200,1995-02-05
kevon-looney,2015,81,222,1996-02-06
cedi-osman,2015,79,230,1995-04-08
montrezl-harrell,2015,79,240,1994-01-26
jordan-mickey,2015,80,235,1994-07-09
anthony-brown,2015,79,210,1992-10-10
willy-hernangomez,2015,83,250,1994-05-27
rakeem-christmas,2015,81,250,1991-12-01
richaun-holmes,2015,82,235,1993-10-15
darrun-hilliard,2015,78,205,1993-04-13
juan-pablo-vaulet,2015,78,200,1996-03-22
josh-richardson,2015,77,200,1993-09-15
pat-connaughton,2015,77,209,1993-01-06
olivier-hanlan,2015,76,190,1993-02-15
joe-young,2015,74,180,1992-06-27
andrew-harrison,2015,78,213,1994-10-28
marcus-thornton,2015,76,190,1993-02-09
norman-powell,2015,75,215,1993-05-25
arturas-gudaitis,2015,82,254,1993-06-19
dakari-johnson,2015,84,255,1995-09-22
aaron-white,2015,81,210,1992-09-10
marcus-eriksson,2015,79,178,1993-12-05
tyler-harvey,2015,76,185,1993-07-17
satnam-singh,2015,86,290,1995-12-10
sir'dominic-pointer,2015,78,192,1992-05-06
dani-diez,2015,79,212,1993-04-07
cady-lalanne,2015,82,253,1992-04-22
branden-dawson,2015,78,225,1993-02-01
nikola-radicevic,2015,78,200,1994-04-25
j.p.-tokoto,2015,78,200,1993-09-15
dimitrios-agravanis,2015,82,235,1994-12-20
luka-mitrovic,2015,81,230,1993-03-21
ben-simmons,2016,83,240,1996-07-20
brandon-ingram,2016,80,190,1997-09-02
jaylen-brown,2016,78,223,1996-10-24
dragan-bender,2016,84,225,1997-11-17
kris-dunn,2016,75,205,1994-03-18
buddy-hield,2016,76,220,1992-12-17
jamal-murray,2016,75,215,1997-02-23
marquese-chriss,2016,81,240,1997-07-02
jakob-poeltl,2016,85,245,1995-10-15
thon-maker,2016,84,221,1997-02-25
domantas-sabonis,2016,83,240,1996-05-03
taurean-prince,2016,79,218,1994-03-22
georgios-papagiannis,2016,85,240,1997-07-03
denzel-valentine,2016,76,220,1993-11-16
juan-hernangomez,2016,81,214,1995-09-28
guerschon-yabusele,2016,80,260,1995-12-17
wade-baldwin,2016,76,200,1996-03-29
henry-ellenson,2016,82,240,1997-01-13
malik-beasley,2016,76,187,1996-11-26
caris-levert,2016,78,205,1994-08-25
deandre'-bembry,2016,77,210,1994-07-04
malachi-richardson,2016,78,205,1996-01-05
ante-zizic,2016,82,266,1997-01-04
timothe-luwawu-cabarrot,2016,79,220,1995-05-09
brice-johnson,2016,82,230,1994-06-27
furkan-korkmaz,2016,79,202,1997-07-24
pascal-siakam,2016,81,230,1994-04-02
skal-labissiere,2016,82,235,1996-03-18
dejounte-murray,2016,76,180,1996-09-19
damian-jones,2016,83,245,1995-06-30
deyonta-davis,2016,83,237,1996-12-02
ivica-zubac,2016,84,240,1997-03-18
cheick-diallo,2016,80,219,1996-09-13
tyler-ulis,2016,70,160,1996-01-05
rade-zagorac,2016,81,202,1995-08-12
malcolm-brogdon,2016,77,229,1992-12-11
chinanu-onuaku,2016,82,245,1996-11-01
patrick-mccaw,2016,79,181,1995-10-25
david-michineau,2016,76,180,1994-06-06
diamond-stone,2016,83,255,1997-02-10
stephen-zimmerman,2016,84,240,1996-09-09
isaiah-whitehead,2016,76,213,1995-03-08
zhou-qi,2016,85,210,1996-01-16
isaia-cordinier,2016,76,180,1996-11-28
demetrius-jackson,2016,73,201,1994-09-07
a.j.-hammons,2016,84,260,1992-08-27
jake-layman,2016,80,209,1994-03-07
paul-zipser,2016,80,215,1994-02-18
michael-gbinije,2016,79,200,1992-06-05
georges-niang,2016,79,230,1993-06-17
ben-bentil,2016,81,235,1995-03-29
joel-bolomboy,2016,81,235,1994-01-28
petr-cornelie,2016,83,220,1995-07-26
kay-felder,2016,69,176,1995-03-29
marcus-paige,2016,73,175,1993-09-11
daniel-hamilton,2016,79,195,1995-08-08
wang-zhelin,2016,84,220,1994-01-20
abdel-nader,2016,77,225,1993-09-25
isaiah-cousins,2016,77,191,1994-03-13
tyrone-wallace,2016,77,198,1994-06-10
markelle-fultz,2017,75,209,1998-05-29
lonzo-ball,2017,78,190,1997-10-27
jayson-tatum,2017,80,210,1998-03-03
josh-jackson,2017,80,207,1997-02-10
de'aaron-fox,2017,75,185,1997-12-20
jonathan-isaac,2017,83,230,1997-10-03
lauri-markkanen,2017,84,240,1997-05-22
frank-ntilikina,2017,76,200,1998-07-28
dennis-smith-jr.,2017,74,205,1997-11-25
zach-collins,2017,83,250,1997-11-19
malik-monk,2017,75,200,1998-02-04
luke-kennard,2017,77,206,1996-06-24
donovan-mitchell,2017,72,215,1996-09-07
bam-adebayo,2017,81,255,1997-07-18
justin-jackson,2017,80,220,1995-03-28
justin-patton,2017,83,241,1997-06-14
d.j.-wilson,2017,82,231,1996-02-19
t.j.-leaf,2017,82,222,1997-04-30
john-collins,2017,81,235,1997-09-23
harry-giles,2017,83,240,1998-04-22
terrance-ferguson,2017,78,190,1998-05-17
jarrett-allen,2017,83,243,1998-04-21
og-anunoby,2017,79,232,1997-07-17
tyler-lydon,2017,82,225,1996-04-09
anzejs-pasecniks,2017,85,229,1995-12-20
caleb-swanigan,2017,81,260,1997-04-18
kyle-kuzma,2017,82,221,1995-07-24
tony-bradley,2017,82,248,1998-01-08
derrick-white,2017,76,190,1994-07-02
josh-hart,2017,77,215,1995-03-06
frank-jackson,2017,75,205,1998-05-04
davon-reed,2017,77,208,1995-06-11
wesley-iwundu,2017,78,195,1994-12-20
frank-mason-iii,2017,71,190,1994-04-03
ivan-rabb,2017,82,220,1997-02-04
jonah-bolden,2017,80,220,1996-01-02
semi-ojeleye,2017,78,240,1994-12-05
jordan-bell,2017,80,216,1995-01-07
jawun-evans,2017,72,185,1996-07-26
dwayne-bacon,2017,78,221,1995-08-30
tyler-dorsey,2017,77,183,1996-02-18
thomas-bryant,2017,82,248,1997-07-31
isaiah-hartenstein,2017,84,250,1998-05-05
damyean-dotson,2017,77,210,1994-05-06
dillon-brooks,2017,79,225,1996-01-22
sterling-brown,2017,77,219,1995-02-10
ike-anigbogu,2017,82,250,1998-10-17
sindarius-thornwell,2017,76,215,1994-11-15
vlatko-cancar,2017,80,236,1997-04-10
mathias-lessort,2017,81,240,1995-09-29
monte-morris,2017,74,183,1995-06-27
edmond-sumner,2017,76,196,1995-12-31
kadeem-allen,2017,73,200,1993-01-15
alec-peters,2017,81,232,1995-04-13
nigel-williams-goss,2017,74,190,1994-09-16
jabari-bird,2017,78,198,1994-07-03
sasha-vezenkov,2017,81,225,1995-08-06
ognjen-jaramaz,2017,76,194,1995-09-01
jaron-blossomgame,2017,80,220,1993-09-16
alpha-kaba,2017,82,242,1996-01-29
deandre-ayton,2018,83,250,1998-07-23
marvin-bagley-iii,2018,83,235,1999-03-14
luka-doncic,2018,79,230,1999-02-28
jaren-jackson-jr.,2018,83,242,1999-09-15
trae-young,2018,73,180,1998-09-19
mo-bamba,2018,84,231,1998-05-12
wendell-carter-jr.,2018,82,270,1999-04-16
collin-sexton,2018,73,190,1999-01-04
kevin-knox,2018,79,215,1999-08-11
mikal-bridges,2018,78,209,1996-08-30
shai-gilgeous-alexander,2018,78,180,1998-07-12
miles-bridges,2018,78,225,1998-03-21
jerome-robinson,2018,76,190,1997-02-22
michael-porter-jr.,2018,82,218,1998-06-29
troy-brown-jr.,2018,78,215,1999-07-28
zhaire-smith,2018,75,205,1999-06-04
donte-divincenzo,2018,76,203,1997-01-31
lonnie-walker,2018,76,204,1998-12-14
kevin-huerter,2018,79,190,1998-08-27
josh-okogie,2018,76,213,1998-09-01
grayson-allen,2018,76,198,1995-10-08
chandler-hutchison,2018,78,210,1996-04-26
aaron-holiday,2018,72,185,1996-09-30
anfernee-simons,2018,75,181,1999-06-08
moritz-wagner,2018,83,245,1997-04-26
landry-shamet,2018,76,190,1997-03-13
robert-williams,2018,80,237,1997-10-17
jacob-evans,2018,76,210,1997-06-18
dzanan-musa,2018,81,217,1999-05-08
omari-spellman,2018,80,245,1997-07-21
elie-okobo,2018,75,190,1997-10-23
jevon-carter,2018,73,200,1995-09-14
jalen-brunson,2018,73,190,1996-08-31
devonte'-graham,2018,73,195,1995-02-22
melvin-frazier,2018,77,215,1996-08-30
mitchell-robinson,2018,84,240,1998-04-01
gary-trent-jr.,2018,77,209,1999-01-18
khyri-thomas,2018,75,210,1996-05-08
isaac-bonga,2018,80,180,1999-11-08
rodions-kurucs,2018,81,228,1998-02-05
jarred-vanderbilt,2018,81,214,1999-04-03
bruce-brown,2018,76,202,1996-08-15
justin-jackson,2018,79,225,1997-02-18
issuf-sanon,2018,76,172,1999-10-30
hamidou-diallo,2018,77,202,1998-07-31
de'anthony-melton,2018,74,200,1998-05-28
sviatoslav-mykhailiuk,2018,79,205,1997-06-10
keita-bates-diop,2018,80,229,1996-01-23
chimezie-metu,2018,81,225,1997-03-22
alize-johnson,2018,79,212,1996-04-22
tony-carr,2018,77,204,1997-10-11
vince-edwards,2018,80,225,1996-04-05
devon-hall,2018,74,215,1995-07-07
shake-milton,2018,77,205,1996-09-26
arnoldas-kulboka,2018,81,198,1998-01-04
ray-spalding,2018,82,215,1997-03-11
kevin-hervey,2018,81,230,1996-07-09
thomas-welsh,2018,84,255,1996-02-03
george-king,2018,78,225,1994-01-15
kostas-antetokounmpo,2018,82,200,1997-11-20
zion-williamson,2019,79,284,2000-07-06
ja-morant,2019,75,174,1999-08-10
rj-barrett,2019,78,214,2000-06-14
de'andre-hunter,2019,80,225,1997-12-02
darius-garland,2019,73,192,2000-01-26
jarrett-culver,2019,78,195,1999-02-20
coby-white,2019,77,195,2000-02-16
jaxson-hayes,2019,83,220,2000-05-23
rui-hachimura,2019,80,230,1998-02-08
cam-reddish,2019,80,218,1999-09-01
cameron-johnson,2019,80,210,1996-03-03
p.j.-washington,2019,79,230,1998-08-23
tyler-herro,2019,77,195,2000-01-20
romeo-langford,2019,76,216,1999-10-25
sekou-doumbouya,2019,80,230,2000-12-23
chuma-okeke,2019,78,229,1998-08-18
nickeil-alexander-walker,2019,78,205,1998-09-02
goga-bitadze,2019,83,250,1999-07-20
luka-samanic,2019,82,227,2000-01-09
matisse-thybulle,2019,77,200,1997-03-04
brandon-clarke,2019,80,215,1996-09-19
grant-williams,2019,78,236,1998-11-30
darius-bazley,2019,80,208,2000-06-12
ty-jerome,2019,77,195,1997-07-08
nassir-little,2019,77,220,2000-02-11
dylan-windler,2019,78,196,1996-09-22
mfiondu-kabengele,2019,81,250,1997-08-14
jordan-poole,2019,76,194,1999-06-19
keldon-johnson,2019,77,220,1999-10-11
kevin-porter-jr.,2019,76,203,2000-05-04
nicolas-claxton,2019,83,215,1999-04-17
kz-okpala,2019,80,215,1999-04-28
carsen-edwards,2019,71,200,1998-03-12
bruno-fernando,2019,81,240,1998-08-15
didi-louzada,2019,77,188,1999-02-07
cody-martin,2019,77,205,1995-09-28
deividas-sirvydis,2019,80,190,2000-06-10
daniel-gafford,2019,82,234,1998-10-01
alen-smailagic,2019,82,215,2000-08-18
justin-james,2019,79,190,1997-01-24
eric-paschall,2019,78,255,1996-11-04
admiral-schofield,2019,77,241,1997-03-30
jaylen-nowell,2019,76,201,1999-07-09
bol-bol,2019,86,220,1999-11-16
isaiah-roby,2019,80,230,1998-02-03
talen-horton-tucker,2019,76,234,2000-11-25
ignas-brazdeikis,2019,78,221,1999-01-08
terance-mann,2019,77,215,1996-10-18
quinndary-weatherspoon,2019,75,205,1996-09-10
jarrell-brantley,2019,77,250,1996-06-07
tremont-waters,2019,70,175,1998-01-10
jalen-mcdaniels,2019,81,205,1998-01-31
justin-wright-foreman,2019,72,190,1997-10-27
marial-shayok,2019,77,198,1995-07-26
kyle-guy,2019,73,167,1997-08-11
jaylen-hands,2019,75,180,1999-02-12
jordan-bone,2019,74,180,1997-11-05
miye-oni,2019,77,206,1997-08-04
dewan-hernandez,2019,82,235,1996-12-09
vanja-marinkovic,2019,78,200,1997-01-09
anthony-edwards,2020,76,225,2001-08-05
james-wiseman,2020,84,240,2001-03-31
lamelo-ball,2020,78,180,2001-08-22
patrick-williams,2020,79,215,2001-08-26
isaac-okoro,2020,77,225,2001-01-26
onyeka-okongwu,2020,80,235,2000-12-11
killian-hayes,2020,77,195,2001-07-27
obi-toppin,2020,81,220,1998-03-04
deni-avdija,2020,81,210,2001-01-03
jalen-smith,2020,82,215,2000-03-16
devin-vassell,2020,77,200,2000-08-23
tyrese-haliburton,2020,77,185,2000-02-29
kira-lewis-jr.,2020,73,170,2001-04-06
aaron-nesmith,2020,77,215,1999-10-16
cole-anthony,2020,74,185,2000-05-15
isaiah-stewart,2020,80,250,2001-05-22
aleksej-pokusevski,2020,84,190,2001-12-26
josh-green,2020,77,200,2000-11-16
saddiq-bey,2020,79,215,1999-04-09
precious-achiuwa,2020,80,225,1999-09-19
tyrese-maxey,2020,74,200,2000-11-04
zeke-nnaji,2020,81,240,2001-01-09
leandro-bolmaro,2020,78,200,2000-09-11
r.j.-hampton,2020,76,175,2001-02-07
immanuel-quickley,2020,75,190,1999-06-17
payton-pritchard,2020,73,195,1998-01-28
udoka-azubuike,2020,80,280,1999-09-17
jaden-mcdaniels,2020,81,185,2000-09-29
malachi-flynn,2020,73,175,1998-05-10
desmond-bane,2020,77,215,1998-06-25
tyrell-terry,2020,74,160,2000-09-28
vernon-carey-jr.,2020,81,270,2001-02-25
daniel-oturu,2020,80,240,1999-09-20
theo-maledon,2020,76,175,2001-06-12
xavier-tillman-sr.,2020,80,245,1999-01-12
tyler-bey,2020,79,215,1998-02-10
vit-krejci,2020,80,195,2000-06-19
saben-lee,2020,74,183,1999-06-23
elijah-hughes,2020,78,215,1998-03-10
robert-woodard,2020,78,235,1999-09-22
tre-jones,2020,73,185,2000-01-08
nick-richards,2020,84,245,1997-11-29
jahmi'us-ramsey,2020,75,190,2001-06-09
marko-simonovic,2020,83,216,1999-10-15
jordan-nwora,2020,80,225,1998-09-09
cj-elleby,2020,78,200,2000-06-16
yam-madar,2020,75,190,2000-12-21
nico-mannion,2020,74,190,2001-03-14
isaiah-joe,2020,76,165,1999-07-02
skylar-mays,2020,76,205,1997-09-05
justinian-jessup,2020,79,202,1998-05-23
kenyon-martin-jr.,2020,78,215,2001-01-06
cassius-winston,2020,73,185,1998-02-28
cassius-stanley,2020,77,190,1999-08-18
jay-scrubb,2020,77,220,2000-09-01
grant-riller,2020,74,190,1997-02-08
reggie-perry,2020,80,250,2000-03-21
paul-reed,2020,81,210,1999-06-14
jalen-harris,2020,77,195,1998-08-14
sam-merrill,2020,76,205,1996-05-15
